{"cameraMode":{"drawMode":0,"name":"Shaded","section":"Shading Mode"},"sceneLighting":false,"audioPlay":false,"sceneViewState":{"showFog":true,"showMaterialUpdate":false,"showSkybox":true,"showFlares":true,"showImageEffects":true,"showParticleSystems":true},"in2DMode":false,"pivot":{"x":66.6387939453125,"y":-0.4645504653453827,"z":79.02333068847656},"rotation":{"x":-0.04850682616233826,"y":-0.9471173882484436,"z":0.17264974117279054,"w":-0.2660973370075226},"size":3.080413341522217,"orthographic":false}