{"cameraMode":{"drawMode":0,"name":"Shaded","section":"Shading Mode"},"sceneLighting":false,"audioPlay":false,"sceneViewState":{"showFog":true,"showMaterialUpdate":false,"showSkybox":true,"showFlares":true,"showImageEffects":true,"showParticleSystems":true},"in2DMode":false,"pivot":{"x":34.8211669921875,"y":0.66650390625,"z":-1.634765625},"rotation":{"x":-0.0008636923157609999,"y":-0.9990642666816711,"z":0.03598199039697647,"w":-0.023982325568795205},"size":6.068768501281738,"orthographic":true}