{"cameraMode":{"drawMode":0,"name":"Shaded","section":"Shading Mode"},"sceneLighting":false,"audioPlay":false,"sceneViewState":{"showFog":true,"showMaterialUpdate":false,"showSkybox":true,"showFlares":true,"showImageEffects":true,"showParticleSystems":true},"in2DMode":false,"pivot":{"x":233.7907257080078,"y":-57.83245849609375,"z":-133.28253173828126},"rotation":{"x":-0.04850682616233826,"y":-0.9471173882484436,"z":0.17264974117279054,"w":-0.2660973370075226},"size":386.2276916503906,"orthographic":false}