{"cameraMode":{"drawMode":0,"name":"Shaded","section":"Shading Mode"},"sceneLighting":false,"audioPlay":false,"sceneViewState":{"showFog":true,"showMaterialUpdate":false,"showSkybox":true,"showFlares":true,"showImageEffects":true,"showParticleSystems":true},"in2DMode":false,"pivot":{"x":34.08959197998047,"y":2.432206153869629,"z":5.01318359375},"rotation":{"x":-0.03470468521118164,"y":0.9383887052536011,"z":-0.09889452159404755,"w":-0.329305499792099},"size":4.385625839233398,"orthographic":true}