{"cameraMode":{"drawMode":0,"name":"Shaded","section":"Shading Mode"},"sceneLighting":false,"audioPlay":false,"sceneViewState":{"showFog":true,"showMaterialUpdate":false,"showSkybox":true,"showFlares":true,"showImageEffects":true,"showParticleSystems":true},"in2DMode":false,"pivot":{"x":-0.3424711227416992,"y":-0.6056807041168213,"z":-2.7730138301849367},"rotation":{"x":-0.09522192925214768,"y":0.888674259185791,"z":-0.21494938433170319,"w":-0.3936846852302551},"size":9.338667869567871,"orthographic":false}