{"cameraMode":{"drawMode":0,"name":"Shaded","section":"Shading Mode"},"sceneLighting":false,"audioPlay":false,"sceneViewState":{"showFog":true,"showMaterialUpdate":false,"showSkybox":true,"showFlares":true,"showImageEffects":true,"showParticleSystems":true},"in2DMode":false,"pivot":{"x":63.4928092956543,"y":0.5629010200500488,"z":81.63905334472656},"rotation":{"x":-0.04850682616233826,"y":-0.9471173882484436,"z":0.17264974117279054,"w":-0.2660973370075226},"size":3.3818631172180177,"orthographic":false}