{"cameraMode":{"drawMode":0,"name":"Shaded","section":"Shading Mode"},"sceneLighting":false,"audioPlay":false,"sceneViewState":{"showFog":true,"showMaterialUpdate":false,"showSkybox":true,"showFlares":true,"showImageEffects":true,"showParticleSystems":true},"in2DMode":false,"pivot":{"x":-0.5157081484794617,"y":0.3122813105583191,"z":-0.19880634546279908},"rotation":{"x":-0.2198810875415802,"y":0.7518817186355591,"z":-0.305395245552063,"w":-0.5413501262664795},"size":12.237207412719727,"orthographic":false}