{"cameraMode":{"drawMode":0,"name":"Shaded","section":"Shading Mode"},"sceneLighting":false,"audioPlay":false,"sceneViewState":{"showFog":true,"showMaterialUpdate":false,"showSkybox":true,"showFlares":true,"showImageEffects":true,"showParticleSystems":true},"in2DMode":false,"pivot":{"x":46.47800827026367,"y":-1.8369470834732056,"z":8.386672973632813},"rotation":{"x":0.002379050012677908,"y":0.996288537979126,"z":-0.08090776205062866,"w":0.0292821042239666},"size":15.64364242553711,"orthographic":false}