{"cameraMode":{"drawMode":0,"name":"Shaded","section":"Shading Mode"},"sceneLighting":true,"audioPlay":false,"sceneViewState":{"showFog":true,"showMaterialUpdate":false,"showSkybox":true,"showFlares":true,"showImageEffects":true,"showParticleSystems":true},"in2DMode":false,"pivot":{"x":44.189029693603519,"y":-12.052337646484375,"z":-32.32168197631836},"rotation":{"x":0.028308626264333726,"y":0.9677490592002869,"z":-0.21571487188339234,"w":0.12699420750141145},"size":65.37247467041016,"orthographic":false}