{"cameraMode":{"drawMode":0,"name":"Shaded","section":"Shading Mode"},"sceneLighting":false,"audioPlay":false,"sceneViewState":{"showFog":true,"showMaterialUpdate":false,"showSkybox":true,"showFlares":true,"showImageEffects":true,"showParticleSystems":true},"in2DMode":false,"pivot":{"x":90.7667236328125,"y":1.269748568534851,"z":-58.792388916015628},"rotation":{"x":-0.08352480828762055,"y":-0.8800901770591736,"z":0.16862909495830537,"w":-0.43592333793640139},"size":9.248063087463379,"orthographic":false}