{"cameraMode":{"drawMode":0,"name":"Shaded","section":"Shading Mode"},"sceneLighting":false,"audioPlay":false,"sceneViewState":{"showFog":true,"showMaterialUpdate":false,"showSkybox":true,"showFlares":true,"showImageEffects":true,"showParticleSystems":true},"in2DMode":false,"pivot":{"x":-14.168862342834473,"y":2.4993538856506349,"z":-21.95587730407715},"rotation":{"x":0.000041502695239614695,"y":-0.9976181387901306,"z":0.06897656619548798,"w":0.00061579211615026},"size":8.410606384277344,"orthographic":false}