{"cameraMode":{"drawMode":0,"name":"Shaded","section":"Shading Mode"},"sceneLighting":false,"audioPlay":false,"sceneViewState":{"showFog":true,"showMaterialUpdate":false,"showSkybox":true,"showFlares":true,"showImageEffects":true,"showParticleSystems":true},"in2DMode":false,"pivot":{"x":110.06373596191406,"y":-5.161187648773193,"z":-90.16715240478516},"rotation":{"x":-0.0768943801522255,"y":-0.9007000923156738,"z":0.17818740010261537,"w":-0.3886849582195282},"size":24.79314613342285,"orthographic":false}